Timestamp,North,South,East,West,Total_Vehicles,Current_Green,Light_State,Elapsed_Time,FPS
2026-01-15 08:22:29,0,7,3,4,14,north,green,0.22725844383239746,0
2026-01-15 08:22:30,0,8,5,3,16,north,green,1.2841148376464844,11.549929608088586
2026-01-15 08:22:31,0,6,3,2,11,north,green,2.291977643966675,16.41007437138744
2026-01-15 08:22:33,0,6,2,3,11,north,green,4.241810321807861,15.679732708719094
2026-01-15 08:22:34,0,6,4,2,12,north,yellow,5.250020265579224,0.8731070261286547
2026-01-15 08:22:36,0,9,2,2,13,north,yellow,6.313305377960205,16.92887883806098
2026-01-15 08:22:37,0,8,4,3,15,north,yellow,7.350927114486694,10.317052739856216
2026-01-15 08:22:38,0,8,3,2,13,south,green,0.293842077255249,16.328639458820106
2026-01-15 08:22:39,0,10,4,2,16,south,green,1.314138412475586,15.351738040150815
2026-01-15 08:22:40,0,10,5,5,20,south,green,2.3094513416290283,15.65903193297233
2026-01-15 08:22:41,0,9,6,4,19,south,green,3.329134702682495,12.998199473883075
2026-01-15 08:22:42,0,8,5,3,16,south,green,4.342760801315308,14.680842574017841
2026-01-15 08:22:43,0,8,5,3,16,south,green,5.373003959655762,12.85079876247967
2026-01-15 08:24:41,0,7,3,4,14,north,green,0.1565382480621338,0
2026-01-15 08:24:42,0,9,5,3,17,north,green,1.1799545288085938,12.484742548610651
2026-01-15 08:24:43,0,6,3,2,11,north,green,2.2291035652160645,16.263970997131008
2026-01-15 08:24:44,0,7,4,3,14,north,green,3.23752760887146,15.781988051485285
2026-01-15 08:24:45,0,6,3,2,11,north,green,4.274809837341309,15.988053665116674
2026-01-15 08:24:46,0,10,3,3,16,north,yellow,5.325154781341553,15.685123585253164
2026-01-15 08:24:47,0,8,4,2,14,north,yellow,6.3812339305877686,16.614023290287914
2026-01-15 08:24:48,0,9,4,3,16,north,yellow,7.384521007537842,14.907084928062268
2026-01-15 08:24:49,0,9,5,3,17,south,green,0.30399370193481445,17.464809428259333
2026-01-15 08:24:50,0,10,6,3,19,south,green,1.3401949405670166,14.980441832667426
2026-01-15 08:24:51,0,8,5,3,16,south,green,2.40114164352417,16.509410061401628
2026-01-15 08:24:52,0,9,6,3,18,south,green,3.4555273056030273,15.715132352645016
2026-01-15 08:27:28,0,0,0,0,0,north,green,0.14116454124450684,0
2026-01-15 08:27:29,0,0,8,13,21,north,green,1.1676990985870361,18.55675401660128
2026-01-15 08:27:30,0,0,8,9,17,north,green,2.1857590675354004,21.841170894277962
2026-01-15 08:27:31,0,0,9,11,20,north,green,3.1978883743286133,20.667520457424107
2026-01-15 08:27:32,0,0,6,7,13,north,green,4.2353675365448,20.844665322466135
2026-01-15 08:27:34,0,0,10,6,16,north,yellow,5.270076513290405,21.13010624970088
2026-01-15 08:27:35,0,0,10,10,20,north,yellow,6.283159255981445,19.97174445829022
2026-01-15 08:27:36,0,0,9,7,16,north,yellow,7.305542707443237,20.04388882517108
2026-01-15 08:27:37,0,0,10,11,21,west,green,0.31221985816955566,20.434107829351817
2026-01-15 08:27:38,0,0,8,10,18,west,green,1.3288097381591797,19.37511245319695
2026-01-15 08:27:39,0,0,9,11,20,west,green,2.364290475845337,19.218187133270348
2026-01-15 08:27:40,0,0,8,9,17,west,green,3.874927282333374,20.635843610600894
2026-01-15 08:27:41,0,0,7,7,14,west,green,4.916533946990967,10.891315458178033
2026-01-15 08:27:42,0,0,5,10,15,west,green,5.94606614112854,20.926189886764337
2026-01-15 08:27:43,0,0,4,6,10,west,green,6.992752313613892,21.119950048946265
2026-01-15 08:27:44,0,0,6,4,10,west,green,8.027315378189087,19.321613601724906
2026-01-15 08:27:45,0,0,1,6,7,west,yellow,9.051114320755005,21.269152789904545
2026-01-15 08:27:46,0,0,5,5,10,west,yellow,10.063267946243286,22.081656056816396
2026-01-15 08:27:47,0,0,2,2,4,west,yellow,11.082876443862915,21.098803326248166
2026-01-15 08:27:48,0,0,5,2,7,north,green,0.2202756404876709,20.320396439793473
2026-01-15 08:27:49,0,0,3,0,3,north,green,1.2261526584625244,21.847505670544894
2026-01-15 08:27:50,0,0,1,2,3,north,green,2.2382988929748535,21.84378192836683
2026-01-15 08:27:51,0,0,0,4,4,north,green,3.272953748703003,19.999909401350347
2026-01-15 08:27:52,0,0,1,5,6,north,green,4.288243532180786,20.91117631976297
2026-01-15 08:27:53,0,0,4,5,9,north,yellow,5.319836616516113,20.80185118664266
2026-01-15 08:27:54,0,0,5,9,14,north,yellow,6.324371337890625,20.63059451361618
2026-01-15 08:27:55,0,1,4,8,13,north,yellow,7.324921369552612,19.510609462331878
2026-01-15 08:27:57,1,0,2,9,12,west,green,0.3019390106201172,20.051696179881688
2026-01-15 08:27:58,1,0,4,10,15,west,green,1.3053257465362549,19.807469670534605
2026-01-15 08:27:59,0,0,7,10,17,west,green,2.340117931365967,19.978589115601867
2026-01-15 08:28:00,0,0,3,8,11,west,green,3.385242223739624,19.816528498841404
2026-01-15 08:28:01,0,0,3,9,12,west,green,4.429767608642578,20.796139225861896
2026-01-15 08:28:02,0,0,3,9,12,west,green,5.437336206436157,19.001587428148945
2026-01-15 08:28:03,0,0,3,9,12,west,green,6.448019742965698,20.223514784707067
2026-01-15 08:28:04,0,1,3,9,13,west,green,7.47828483581543,19.25585685221696
2026-01-15 08:28:05,0,0,5,8,13,west,green,8.527743101119995,19.939652479270368
2026-01-15 08:28:06,0,0,5,8,13,west,green,9.534849643707275,18.695750277825937
2026-01-15 08:28:07,0,0,3,10,13,west,green,10.562289953231812,19.516946382309456
2026-01-15 08:28:08,0,0,6,9,15,west,green,11.576039552688599,19.438124139158354
2026-01-15 08:28:09,0,0,6,10,16,west,green,12.626085042953491,19.041035132567117
2026-01-15 08:28:10,1,0,3,10,14,west,green,13.638548612594604,19.651351998422008
2026-01-15 08:28:11,0,1,5,7,13,west,green,14.659396648406982,18.460567101357118
2026-01-15 08:28:12,0,0,3,10,13,west,green,15.69996428489685,18.639720408085935
2026-01-15 08:28:13,0,0,2,8,10,west,green,16.72911262512207,19.69479043871732
2026-01-15 08:28:14,0,0,2,9,11,west,green,17.749002933502197,18.811250808176492
2026-01-15 08:28:15,0,0,6,5,11,west,green,18.795528650283813,19.48489553875153
2026-01-15 08:28:16,0,0,5,9,14,west,green,19.846730947494507,17.269298916183683
2026-01-15 08:28:17,0,0,6,8,14,west,green,20.908265113830566,17.746915341793528
2026-01-15 08:28:18,0,0,9,6,15,west,green,21.94850993156433,17.773035213445997
2026-01-15 08:28:19,0,0,6,5,11,west,yellow,23.067678451538086,17.458916868029064
2026-01-15 08:28:20,0,0,3,6,9,west,yellow,24.123789310455322,17.79730198011633
2026-01-15 08:28:21,0,0,9,4,13,west,yellow,25.148364543914795,17.490822107749388
2026-01-15 08:28:22,0,0,7,3,10,east,green,0.7525074481964111,20.083842837774423
2026-01-15 08:28:23,0,0,9,4,13,east,green,1.7707650661468506,20.690887521978688
2026-01-15 08:28:24,0,0,8,5,13,east,green,2.778831958770752,19.2120779054215
2026-01-15 08:28:25,0,0,5,6,11,east,green,3.8165931701660156,19.63919688342823
2026-01-15 08:28:26,0,0,4,3,7,east,green,4.8172218799591064,19.81084704598178
2026-01-15 08:28:27,0,0,8,5,13,east,green,5.866791009902954,19.292108218398987
2026-01-15 08:28:29,0,0,6,8,14,east,green,6.89309287071228,18.951621291834908
2026-01-15 08:28:30,0,0,10,9,19,east,green,7.929055452346802,19.413849764171683
2026-01-15 08:28:31,0,0,10,12,22,east,green,8.957847833633423,18.669383572667357
2026-01-15 08:28:32,0,0,11,11,22,east,yellow,9.996428966522217,19.012224690620453
2026-01-15 08:28:33,0,0,10,11,21,east,yellow,11.000152587890625,19.20309717921729
2026-01-15 08:28:34,0,0,10,10,20,east,yellow,12.068184852600098,18.30403031111105
2026-01-15 08:28:35,0,0,13,6,19,west,green,0.6150734424591064,14.626700919478768
2026-01-15 08:28:36,0,0,12,7,19,west,green,1.6380040645599365,15.855005633571883
2026-01-15 08:28:37,0,0,10,5,15,west,green,2.65516996383667,14.4714641157394
2026-01-15 08:28:38,0,0,14,3,17,west,green,3.6703953742980957,20.684774846221064
2026-01-15 08:28:39,0,0,11,8,19,west,green,4.7216057777404785,18.647078272227237
2026-01-15 08:28:40,0,0,4,7,11,west,yellow,5.747822046279907,18.926497051602944
2026-01-15 08:28:41,0,0,0,0,0,west,yellow,6.752225399017334,18.567091431742703
2026-01-15 08:34:14,0,0,0,0,0,north,green,0.26204895973205566,0
2026-01-15 08:34:15,0,0,8,9,17,north,green,1.2645978927612305,15.910209045809896
2026-01-15 08:34:17,0,0,7,12,19,north,green,2.5894763469696045,15.910209045809896
2026-01-15 08:34:18,0,0,8,11,19,north,green,3.639688491821289,8.839684470404046
2026-01-15 08:34:19,0,0,11,8,19,north,green,4.653615951538086,20.988153111340736
2026-01-15 08:34:20,0,0,7,6,13,north,yellow,5.681043386459351,20.711540849150662
2026-01-15 08:34:21,0,0,11,4,15,north,yellow,6.722918510437012,19.446555174673648
2026-01-15 08:34:22,0,0,12,8,20,north,yellow,7.764537334442139,20.175957958691235
2026-01-15 08:34:23,0,0,12,10,22,east,green,0.7686622142791748,21.12097006408528
2026-01-15 08:34:24,0,0,10,12,22,east,green,1.8101165294647217,20.200778533876637
2026-01-15 08:34:25,0,0,7,13,20,east,green,2.819305419921875,20.16411060360205
2026-01-15 08:34:26,0,0,8,12,20,east,green,3.838136911392212,20.808790305338373
2026-01-15 08:34:27,0,0,7,9,16,east,green,4.849429607391357,20.571401345870125
2026-01-15 08:34:28,0,0,6,8,14,east,yellow,5.894987344741821,19.7766914116724
2026-01-15 08:34:29,0,0,3,5,8,east,yellow,6.937194347381592,21.06880520804816
2026-01-15 08:34:30,0,0,4,4,8,east,yellow,7.935805797576904,21.122062701435688
2026-01-15 08:34:31,0,0,6,5,11,west,green,0.6620359420776367,19.987733739222346
2026-01-15 08:34:32,0,0,4,7,11,west,green,1.695986270904541,20.722753215624152
2026-01-15 08:34:33,0,0,3,3,6,west,green,2.717285633087158,21.263918206169564
2026-01-15 08:34:34,0,0,3,4,7,west,green,3.7358174324035645,20.535143315231494
2026-01-15 08:34:35,0,0,3,3,6,west,green,4.745221138000488,20.617874364472243
2026-01-15 08:34:36,0,0,1,2,3,west,yellow,5.75618314743042,19.853128735652316
2026-01-15 08:34:37,0,0,1,3,4,west,yellow,6.802127361297607,21.71967391309465
2026-01-15 08:34:38,0,0,0,2,2,west,yellow,7.832685470581055,20.114948849607156
2026-01-15 08:34:39,0,0,2,4,6,east,green,0.7452292442321777,20.33777554471659
2026-01-15 08:34:40,0,0,5,7,12,east,green,1.7620270252227783,21.02815263835557
2026-01-15 08:34:41,0,1,4,10,15,east,green,2.790907859802246,19.745014027406107
2026-01-15 08:34:42,0,0,6,12,18,east,green,3.7939822673797607,19.386293118549638
2026-01-15 08:34:44,1,0,3,13,17,east,green,4.8287036418914795,20.993733369307908
2026-01-15 08:34:45,1,0,4,11,16,east,yellow,5.858330726623535,20.25612199982798
2026-01-15 08:34:46,0,1,4,11,16,east,yellow,6.8771607875823975,19.462355437870098
2026-01-15 08:34:47,1,0,4,10,15,east,yellow,7.9030797481536865,20.611877097772368
2026-01-15 08:34:48,0,0,3,12,15,west,green,0.857799768447876,20.46945305339325
2026-01-15 08:34:49,0,0,2,10,12,west,green,1.8749651908874512,18.769510646967245
2026-01-15 08:34:50,0,0,2,10,12,west,green,2.8860950469970703,20.64560939324253
2026-01-15 08:34:51,0,0,3,9,12,west,green,3.8899877071380615,20.7688457354021
2026-01-15 08:34:52,0,0,4,7,11,west,green,4.94445538520813,19.88278822383344
2026-01-15 08:34:53,0,0,5,12,17,west,green,5.986067771911621,19.95315378744683
2026-01-15 08:34:54,0,0,2,9,11,west,green,7.010720491409302,21.121100594459993
2026-01-15 08:34:55,0,0,4,10,14,west,green,8.03464412689209,19.499801715244494
2026-01-15 08:34:56,0,0,6,11,17,west,green,9.048539876937866,20.529366328722947
2026-01-15 08:34:57,0,0,5,8,13,west,green,10.07769775390625,19.725893908813624
2026-01-15 08:34:58,0,0,6,9,15,west,green,11.131918907165527,19.395620948989375
2026-01-15 08:34:59,0,0,2,9,11,west,green,12.180349588394165,19.832925890974774
2026-01-15 08:35:00,0,0,2,8,10,west,green,13.200404167175293,20.157345613210417
2026-01-15 08:35:01,0,0,7,10,17,west,green,14.216718196868896,19.606794004981747
2026-01-15 08:35:02,0,0,5,8,13,west,green,15.228968620300293,18.61232893924935
2026-01-15 08:35:03,0,0,6,7,13,west,green,16.25497794151306,20.838796711421306
2026-01-15 08:35:04,0,0,7,7,14,west,green,17.27673864364624,20.427691089571834
2026-01-15 08:35:05,0,0,3,7,10,west,yellow,18.319000720977783,19.61257910336235
2026-01-15 08:35:06,0,0,6,5,11,west,yellow,19.34015727043152,21.1079348260714
2026-01-15 08:35:07,0,0,9,4,13,west,yellow,20.375962257385254,20.359583628913533
2026-01-15 08:35:08,0,0,9,5,14,east,green,0.8816907405853271,19.502562606290912
2026-01-15 08:35:09,0,0,6,5,11,east,green,1.888416051864624,20.184576236889995
2026-01-15 08:35:10,0,0,7,4,11,east,green,2.908586263656616,20.859711943980265
2026-01-15 08:35:11,0,0,9,3,12,east,green,3.9502623081207275,19.585246850080992
2026-01-15 08:35:12,0,0,8,2,10,east,green,4.992777585983276,20.168122827179314
2026-01-15 08:35:13,0,0,7,4,11,east,green,6.005107879638672,20.9792441762649
2026-01-15 08:35:14,0,0,11,9,20,east,green,7.0204386711120605,19.85396512080622
2026-01-15 08:35:15,0,0,9,10,19,east,green,8.068817615509033,19.73188875389734
2026-01-15 08:35:16,0,0,11,10,21,east,yellow,9.11411738395691,19.960397547383643
2026-01-15 08:35:17,0,1,13,9,23,east,yellow,10.1450035572052,19.201312589727813
2026-01-15 08:35:18,0,0,10,10,20,east,yellow,11.176761627197266,19.3626395541653
2026-01-15 08:35:19,0,0,13,8,21,west,green,0.2700490951538086,20.393750481883608
2026-01-15 08:35:21,0,0,10,5,15,west,green,1.3078229427337646,20.18358642526824
2026-01-15 08:35:22,0,0,12,6,18,west,green,2.3318252563476562,19.271884340316625
2026-01-15 08:35:23,0,0,13,9,22,west,green,3.3618602752685547,20.548097104732552
2026-01-15 08:35:24,0,1,12,11,24,west,green,4.392843008041382,20.34804147489391
2026-01-15 08:35:25,0,0,0,0,0,west,yellow,5.408357381820679,19.436772969551264
2026-01-15 08:35:39,0,7,3,4,14,north,green,0.219940185546875,0
2026-01-15 08:35:40,0,9,5,3,17,north,green,1.2297422885894775,11.78400092714317
2026-01-15 08:35:41,0,7,3,3,13,north,green,2.25726580619812,15.263476028363117
2026-01-15 08:35:42,0,6,3,3,12,north,green,3.3269550800323486,15.256102487461982
2026-01-15 08:35:43,0,6,4,2,12,north,green,4.3665244579315186,15.530763512756687
2026-01-15 08:35:44,0,10,3,2,15,north,yellow,5.413865566253662,14.535554425017363
2026-01-15 08:35:45,0,8,5,5,18,north,yellow,6.450302600860596,14.95214519569706
2026-01-15 08:35:46,0,8,4,2,14,north,yellow,7.496025562286377,14.639017658387647
2026-01-15 08:35:47,0,8,3,4,15,south,green,0.45953893661499023,15.4626367433122
2026-01-15 08:35:48,0,10,4,3,17,south,green,1.5073745250701904,14.298282694127561
2026-01-15 08:35:49,0,8,6,6,20,south,green,2.539480686187744,12.95362481350907
2026-01-15 08:35:50,0,8,4,4,16,south,green,3.5684404373168945,12.785979916571911
2026-01-15 08:35:51,0,9,6,3,18,south,green,4.590816497802734,14.693542386431073
2026-01-15 08:43:58,0,7,3,4,14,north,green,0.25499749183654785,0
2026-01-15 08:43:59,0,8,5,2,15,north,green,1.279991865158081,10.506505572821972
2026-01-15 08:44:00,0,6,3,2,11,north,green,2.3179900646209717,14.749231998379601
2026-01-15 08:44:01,0,7,4,3,14,north,green,3.3289904594421387,14.563113942609611
2026-01-15 08:44:02,0,6,3,4,13,north,green,4.348992586135864,14.150979171835226
2026-01-15 08:44:03,0,9,2,2,13,north,yellow,5.425992727279663,14.450759350624294
2026-01-15 08:44:04,0,8,4,2,14,north,yellow,6.443991661071777,13.207645916072885
2026-01-15 08:44:05,0,8,2,1,11,north,yellow,7.487990140914917,14.82202141604479
2026-01-15 08:44:06,0,9,6,4,19,south,green,0.4610140323638916,14.124382089040243
2026-01-15 08:44:07,0,9,5,2,16,south,green,1.470001220703125,14.340327772746782
2026-01-15 08:44:08,0,10,5,2,17,south,green,2.5139999389648438,13.182685587808942
2026-01-15 08:44:09,0,9,5,8,22,south,green,3.562999725341797,11.527381386717126
2026-01-15 08:44:10,0,7,6,3,16,south,green,4.641000032424927,10.837452577543102
2026-01-15 08:44:11,0,8,4,2,14,south,green,5.664000511169434,12.935275880123104
2026-01-15 08:44:22,0,0,0,0,0,north,green,0.17898249626159668,0
2026-01-15 08:44:23,0,0,8,13,21,north,green,1.1999831199645996,18.3930089197989
2026-01-15 08:44:24,0,0,7,8,15,north,green,2.199983835220337,19.627167009282687
2026-01-15 08:44:25,0,0,9,9,18,north,green,3.2059831619262695,18.962078591531334
2026-01-15 08:44:26,0,0,10,7,17,north,green,4.224982738494873,19.782390609280824
2026-01-15 08:44:27,0,0,11,7,18,north,yellow,5.259987115859985,20.0
2026-01-15 08:44:28,0,0,7,7,14,north,yellow,6.281989574432373,18.60915618266036
2026-01-15 08:44:29,0,0,11,7,18,north,yellow,7.32998514175415,18.591048734336823
2026-01-15 08:44:30,0,0,11,9,20,east,green,0.2870004177093506,19.120458821282256
2026-01-15 08:44:31,0,0,7,12,19,east,green,1.3110027313232422,18.572829318360426
2026-01-15 08:44:32,0,0,8,12,20,east,green,2.3390004634857178,14.59140419620317
2026-01-15 08:44:33,0,0,9,11,20,east,green,3.3550024032592773,16.617779161624842
2026-01-15 08:44:34,0,0,7,9,16,east,green,4.391009569168091,17.224906634457675
2026-01-15 08:44:35,0,0,4,6,10,east,green,5.405002593994141,18.060839809201646
2026-01-15 08:44:36,0,0,5,8,13,east,yellow,6.446656942367554,17.447780741303607
2026-01-15 08:44:38,0,0,3,5,8,east,yellow,7.489665746688843,18.814579030756065
2026-01-15 08:44:39,0,0,4,4,8,west,green,0.0030002593994140625,18.37533641634278
2026-01-15 08:44:40,0,0,3,5,8,west,green,1.012998104095459,19.379776585021684
2026-01-15 08:52:44,0,7,3,4,14,north,green,0.21099495887756348,0
2026-01-15 08:52:45,0,9,5,3,17,north,green,1.2129945755004883,12.264979208945709
2026-01-15 08:52:46,0,6,3,2,11,north,green,2.2359938621520996,14.450862245787423
2026-01-15 08:52:47,0,7,4,3,14,north,green,3.2859952449798584,13.605447901579657
2026-01-15 08:52:48,0,7,4,4,15,north,green,4.373996734619141,12.720120020781081
2026-01-15 08:52:50,0,9,2,2,13,north,yellow,5.407994270324707,13.631969987510272
2026-01-15 08:52:51,0,8,6,2,16,north,yellow,6.45699667930603,13.712022626606812
2026-01-15 08:52:52,0,8,2,2,12,north,yellow,7.468992233276367,14.549006549006549
2026-01-15 08:52:53,0,10,4,4,18,south,green,0.46099352836608887,12.935331116157839
2026-01-15 08:52:54,0,9,4,2,15,south,green,1.4809956550598145,15.267129003167682
2026-01-15 08:52:55,0,10,5,3,18,south,green,2.516995668411255,12.935334184840267
2026-01-15 08:52:56,0,9,4,6,19,south,green,3.5589966773986816,14.634148383835823
2026-01-15 08:52:57,0,7,6,5,18,south,green,4.564993381500244,12.909642132737453
2026-01-15 08:52:58,0,9,5,2,16,south,green,5.625998258590698,14.79289682049835
2026-01-15 08:53:20,0,7,3,4,14,north,green,0.22099995613098145,0
2026-01-15 08:53:21,0,8,5,2,15,north,green,1.2769994735717773,10.59728680977579
2026-01-15 08:53:22,0,6,3,2,11,north,green,2.296010971069336,14.111048210487219
2026-01-15 08:53:23,0,7,3,2,12,north,green,3.3379998207092285,13.83393554196303
2026-01-15 08:53:24,0,7,4,4,15,north,green,4.391998767852783,13.820364755305059
2026-01-15 08:53:25,0,9,2,5,16,north,yellow,5.467000246047974,14.52083673286159
2026-01-15 08:53:26,0,8,4,2,14,north,yellow,6.508998394012451,13.579028816923023
2026-01-15 08:53:27,0,8,2,1,11,north,yellow,7.579999208450317,14.807474420064969
2026-01-15 08:53:28,0,9,6,4,19,south,green,0.525984525680542,13.631973152187363
2026-01-15 08:53:29,0,9,5,2,16,south,green,1.5919926166534424,14.985001793496824
2026-01-15 08:53:30,0,10,4,4,18,south,green,2.6169862747192383,13.645252404698018
2026-01-15 08:53:31,0,7,4,2,13,south,green,3.6779839992523193,15.165875817600533
2026-01-15 08:53:32,0,8,5,3,16,south,green,4.735983848571777,13.270141340400466
2026-01-15 08:53:41,0,7,3,4,14,north,green,0.24098896980285645,0
2026-01-15 08:53:42,0,9,5,3,17,north,green,1.2909891605377197,11.439554287919584
2026-01-15 08:53:43,0,6,3,2,11,north,green,2.3229875564575195,14.13758552214829
2026-01-15 08:53:44,0,7,5,3,15,north,green,3.3859896659851074,14.36778451392519
2026-01-15 08:53:45,0,6,3,4,13,north,green,4.404987812042236,14.285766835308696
2026-01-15 08:53:46,0,9,2,2,13,north,yellow,5.447988271713257,13.861363364897384
2026-01-15 08:53:47,0,8,5,3,16,north,yellow,6.4999871253967285,13.752476641150219
2026-01-15 08:53:48,0,8,2,1,11,north,yellow,7.515989303588867,14.285679252866125
2026-01-15 08:53:49,0,9,5,3,17,south,green,0.42499685287475586,13.371541648686591
2026-01-15 08:53:50,0,9,5,3,17,south,green,1.4449968338012695,14.00563212224154
2026-01-15 08:53:52,0,10,5,2,17,south,green,2.4869954586029053,13.219994884928912
2026-01-15 08:53:53,0,9,4,6,19,south,green,3.4859988689422607,14.124137931034483
2026-01-15 08:53:54,0,7,7,7,21,south,green,4.5439958572387695,13.17040323642408
2026-01-15 08:53:55,0,9,5,2,16,south,green,5.586995601654053,14.464846372439924
2026-01-15 08:54:27,0,7,3,4,14,north,green,0.20711183547973633,0
2026-01-15 08:54:28,0,8,5,3,16,north,green,1.2661106586456299,12.27432231841411
2026-01-15 08:54:29,0,6,3,2,11,north,green,2.3311123847961426,12.922584111459578
2026-01-15 08:54:30,0,7,5,3,15,north,green,3.4071128368377686,14.492729051911123
2026-01-15 08:54:31,0,6,3,10,19,north,green,4.446112155914307,13.752495966428318
2026-01-15 08:54:32,0,9,2,11,22,north,yellow,5.463111400604248,13.487437352137263
2026-01-15 08:54:33,0,8,4,8,20,north,yellow,6.504112005233765,13.461551299474195
2026-01-15 08:54:34,0,8,2,6,16,north,yellow,7.578110694885254,14.883713668075812
2026-01-15 08:54:35,5,10,6,3,24,south,green,0.5409994125366211,13.409947525130981
2026-01-15 08:54:36,5,9,5,6,25,south,green,1.611999273300171,14.82216458595773
2026-01-15 08:54:38,3,9,4,6,22,south,green,2.65299916267395,13.40996896217752
2026-01-15 08:54:39,4,7,4,6,21,south,green,3.725999116897583,14.778334009831777
2026-01-15 08:54:40,7,9,5,5,26,south,green,4.747002124786377,13.371541648686591
2026-01-15 08:54:41,6,10,6,2,24,south,green,5.794999122619629,13.257536917518703
2026-01-15 08:54:54,0,7,3,4,14,north,green,0.20999789237976074,0
2026-01-15 08:54:55,0,9,5,3,17,north,green,1.2530007362365723,11.834353629851032
2026-01-15 08:54:56,0,6,3,2,11,north,green,2.2940025329589844,13.766001500375094
2026-01-15 08:54:57,0,7,4,3,14,north,green,3.3369975090026855,13.914665117903366
2026-01-15 08:54:58,0,6,3,4,13,north,green,4.379999399185181,13.847650567192295
2026-01-15 08:54:59,0,9,2,5,16,north,yellow,5.448997497558594,14.634148383835823
2026-01-15 08:55:00,0,8,6,2,16,north,yellow,6.462998390197754,12.264170914910295
2026-01-15 08:55:02,6,8,3,2,19,north,yellow,7.507997274398804,14.92537851631946
2026-01-15 08:55:03,5,9,5,3,22,south,green,0.53999924659729,13.513469800679491
2026-01-15 08:55:04,5,9,5,2,21,south,green,1.5710034370422363,15.10863701397308
2026-01-15 08:55:05,4,10,6,3,23,south,green,2.629997730255127,13.461542041345002
2026-01-15 08:55:06,3,6,5,3,17,south,green,3.6789984703063965,15.0
2026-01-15 08:55:07,5,7,5,4,21,south,green,4.703000545501709,13.320615286337537
2026-01-15 08:55:08,7,8,7,3,25,south,green,5.769000291824341,14.422991484380695
2026-01-15 08:55:22,0,7,3,4,14,north,green,0.23000097274780273,0
